,block_id,episode,reward,avg_reward,reliability,mse
0,0,0,22.0,22.2,"[0.20788174867630005, 0.1942206621170044, 0.20945627987384796, 0.1942206621170044, 0.1942206621170044]","[0.004254612140357494, 0.061462026089429855, 0.001204269123263657, 0.06438922882080078, 0.031873464584350586]"
1,0,1,22.0,22.2,"[0.17980556190013885, 0.19312773644924164, 0.2296971082687378, 0.190817728638649, 0.20655183494091034]","[0.7460153102874756, 0.061462026089429855, 0.0012040584115311503, 0.06438922882080078, 0.031873464584350586]"
2,0,2,23.0,22.2,"[0.18139824271202087, 0.19281882047653198, 0.22898447513580322, 0.19083893299102783, 0.2059594839811325]","[0.626640260219574, 0.061462026089429855, 0.0012040584115311503, 0.06438922882080078, 0.031873464584350586]"
3,0,3,22.0,22.2,"[0.18474221229553223, 0.1923370510339737, 0.22737619280815125, 0.19034308195114136, 0.20520150661468506]","[0.3717116713523865, 0.061462026089429855, 0.0012042018352076411, 0.06438922882080078, 0.031873464584350586]"
4,0,4,24.0,22.2,"[0.2078597992658615, 0.19422559440135956, 0.2094634771347046, 0.19422559440135956, 0.19422559440135956]","[0.004211324732750654, 0.061462026089429855, 0.001204109052196145, 0.06438922882080078, 0.031873464584350586]"
5,0,5,22.0,22.2,"[0.2075483649969101, 0.1942732036113739, 0.20963211357593536, 0.1942732036113739, 0.1942732036113739]","[0.005011488683521748, 0.061462026089429855, 0.0012040524743497372, 0.06438922882080078, 0.031873464584350586]"
6,0,6,23.0,22.2,"[0.192623570561409, 0.192623570561409, 0.22230952978134155, 0.192623570561409, 0.19981969892978668]","[0.10004565864801407, 0.061462026089429855, 0.0012040524743497372, 0.06438922882080078, 0.031873464584350586]"
7,0,7,21.0,22.2,"[0.18634478747844696, 0.19200089573860168, 0.2268804907798767, 0.19000717997550964, 0.20476660132408142]","[0.31085318326950073, 0.061462026089429855, 0.0012042018352076411, 0.06438922882080078, 0.031873464584350586]"
8,0,8,22.0,22.2,"[0.20781861245632172, 0.19423000514507294, 0.20949141681194305, 0.19423000514507294, 0.19423000514507294]","[0.004236349370330572, 0.061462026089429855, 0.001204109052196145, 0.06438922882080078, 0.031873464584350586]"
9,0,9,23.0,22.2,"[0.20781399309635162, 0.19423262774944305, 0.20948804914951324, 0.19423262774944305, 0.19423262774944305]","[0.004543852061033249, 0.061462026089429855, 0.001204269123263657, 0.06438922882080078, 0.031873464584350586]"
10,0,10,22.0,22.2,"[0.18474221229553223, 0.1923370510339737, 0.22737619280815125, 0.19034308195114136, 0.20520150661468506]","[0.3717116713523865, 0.061462026089429855, 0.0012042018352076411, 0.06438922882080078, 0.031873464584350586]"
11,0,11,22.0,22.2,"[0.20781861245632172, 0.19423000514507294, 0.20949141681194305, 0.19423000514507294, 0.19423000514507294]","[0.004236349370330572, 0.061462026089429855, 0.001204109052196145, 0.06438922882080078, 0.031873464584350586]"
12,0,12,23.0,22.2,"[0.20781086385250092, 0.19422970712184906, 0.20950005948543549, 0.19422970712184906, 0.19422970712184906]","[0.0042111799120903015, 0.061462026089429855, 0.0012041080044582486, 0.06438922882080078, 0.031873464584350586]"
13,0,13,22.0,22.2,"[0.17980556190013885, 0.19312773644924164, 0.2296971082687378, 0.190817728638649, 0.20655183494091034]","[0.7460153102874756, 0.061462026089429855, 0.0012040584115311503, 0.06438922882080078, 0.031873464584350586]"
14,0,14,22.0,22.2,"[0.1837158054113388, 0.19231899082660675, 0.2282407581806183, 0.19033753871917725, 0.20538687705993652]","[0.4453686773777008, 0.061462026089429855, 0.0012040524743497372, 0.06438922882080078, 0.031873464584350586]"
15,0,15,21.0,22.2,"[0.17974956333637238, 0.1931406408548355, 0.22971048951148987, 0.19083212316036224, 0.2065672129392624]","[0.7554107308387756, 0.061462026089429855, 0.0012040584115311503, 0.06438922882080078, 0.031873464584350586]"
16,0,16,22.0,22.2,"[0.20781861245632172, 0.19423000514507294, 0.20949141681194305, 0.19423000514507294, 0.19423000514507294]","[0.004236349370330572, 0.061462026089429855, 0.001204109052196145, 0.06438922882080078, 0.031873464584350586]"
17,0,17,24.0,22.2,"[0.2078597992658615, 0.19422559440135956, 0.2094634771347046, 0.19422559440135956, 0.19422559440135956]","[0.004211324732750654, 0.061462026089429855, 0.001204109052196145, 0.06438922882080078, 0.031873464584350586]"
18,0,18,21.0,22.2,"[0.18634478747844696, 0.19200089573860168, 0.2268804907798767, 0.19000717997550964, 0.20476660132408142]","[0.31085318326950073, 0.061462026089429855, 0.0012042018352076411, 0.06438922882080078, 0.031873464584350586]"
19,0,19,22.0,22.2,"[0.17980556190013885, 0.19312773644924164, 0.2296971082687378, 0.190817728638649, 0.20655183494091034]","[0.7460153102874756, 0.061462026089429855, 0.0012040584115311503, 0.06438922882080078, 0.031873464584350586]"
20,0,20,21.0,22.2,"[0.17974956333637238, 0.1931406408548355, 0.22971048951148987, 0.19083212316036224, 0.2065672129392624]","[0.7554107308387756, 0.061462026089429855, 0.0012040584115311503, 0.06438922882080078, 0.031873464584350586]"
21,0,21,22.0,22.2,"[0.1930597871541977, 0.1930597871541977, 0.22127099335193634, 0.1930597871541977, 0.19954970479011536]","[0.09177961945533752, 0.061462026089429855, 0.0012042018352076411, 0.06438922882080078, 0.031873464584350586]"
22,0,22,22.0,22.2,"[0.18474221229553223, 0.1923370510339737, 0.22737619280815125, 0.19034308195114136, 0.20520150661468506]","[0.3717116713523865, 0.061462026089429855, 0.0012042018352076411, 0.06438922882080078, 0.031873464584350586]"
23,0,23,24.0,22.2,"[0.20794102549552917, 0.1942320615053177, 0.20936278998851776, 0.1942320615053177, 0.1942320615053177]","[0.004732862114906311, 0.061462026089429855, 0.0012042018352076411, 0.06438922882080078, 0.031873464584350586]"
24,0,24,24.0,22.2,"[0.2075938880443573, 0.19426888227462769, 0.20959952473640442, 0.19426888227462769, 0.19426888227462769]","[0.004986288025975227, 0.061462026089429855, 0.0012040524743497372, 0.06438922882080078, 0.031873464584350586]"
25,0,25,22.0,22.2,"[0.18474221229553223, 0.1923370510339737, 0.22737619280815125, 0.19034308195114136, 0.20520150661468506]","[0.3717116713523865, 0.061462026089429855, 0.0012042018352076411, 0.06438922882080078, 0.031873464584350586]"
26,0,26,20.0,22.2,"[0.18142355978488922, 0.19345878064632416, 0.22672824561595917, 0.1922730803489685, 0.20611627399921417]","[0.6495866179466248, 0.061462026089429855, 0.001204121159389615, 0.06438922882080078, 0.031873464584350586]"
27,0,27,23.0,22.2,"[0.19301177561283112, 0.19301177561283112, 0.22134466469287872, 0.19301177561283112, 0.1996200829744339]","[0.09338490664958954, 0.061462026089429855, 0.0012042018352076411, 0.06438922882080078, 0.031873464584350586]"
28,0,28,23.0,22.2,"[0.20781399309635162, 0.19423262774944305, 0.20948804914951324, 0.19423262774944305, 0.19423262774944305]","[0.004543852061033249, 0.061462026089429855, 0.001204269123263657, 0.06438922882080078, 0.031873464584350586]"
29,0,29,20.0,22.2,"[0.184864804148674, 0.19231092929840088, 0.22734412550926208, 0.19031377136707306, 0.20516642928123474]","[0.36650869250297546, 0.061462026089429855, 0.0012042018352076411, 0.06438922882080078, 0.031873464584350586]"
30,1,0,8.5,9.533333333333333,"[0.20966827869415283, 0.1922386884689331, 0.21261359751224518, 0.1922386884689331, 0.19324080646038055]","[0.01030583307147026, 0.09163637459278107, 0.0021016066893935204, 0.08863107115030289, 0.03366631641983986]"
31,1,1,8.5,9.533333333333333,"[0.2106865644454956, 0.19208726286888123, 0.21255365014076233, 0.19208726286888123, 0.19258533418178558]","[0.003132985904812813, 0.09163635224103928, 0.002101519610732794, 0.08863107115030289, 0.03366631641983986]"
32,1,2,11.0,9.533333333333333,"[0.2030443400144577, 0.19282975792884827, 0.21569077670574188, 0.19282975792884827, 0.1956053525209427]","[0.02585107460618019, 0.09163635224103928, 0.002101329853758216, 0.08863107115030289, 0.03366631641983986]"
33,1,3,9.0,9.533333333333333,"[0.21182945370674133, 0.19199520349502563, 0.2119617611169815, 0.19199520349502563, 0.19221842288970947]","[0.0008573624072596431, 0.09163635224103928, 0.002101327758282423, 0.08863107115030289, 0.03366631641983986]"
34,1,4,10.0,9.533333333333333,"[0.21246325969696045, 0.19195713102817535, 0.2115543782711029, 0.19195713102817535, 0.19206809997558594]","[7.369560989900492e-06, 0.09163635224103928, 0.0021014136727899313, 0.08863107115030289, 0.03366631641983986]"
35,1,5,9.0,9.533333333333333,"[0.20673130452632904, 0.19244647026062012, 0.21431882679462433, 0.19244647026062012, 0.1940569132566452]","[0.014721053652465343, 0.09163635224103928, 0.002101327758282423, 0.08863107115030289, 0.03366631641983986]"
36,1,6,9.0,9.533333333333333,"[0.21156203746795654, 0.19201146066188812, 0.21214769780635834, 0.19201146066188812, 0.1922673135995865]","[0.00022732836077921093, 0.09163637459278107, 0.002101329853758216, 0.08863107115030289, 0.03366631641983986]"
37,1,7,10.5,9.533333333333333,"[0.21071283519268036, 0.19213683903217316, 0.2122398167848587, 0.19213683903217316, 0.1927737444639206]","[0.003760515945032239, 0.09163633733987808, 0.002101343357935548, 0.08863107115030289, 0.03366631641983986]"
38,1,8,9.5,9.533333333333333,"[0.21285097301006317, 0.19196611642837524, 0.21109913289546967, 0.19196611642837524, 0.19211767613887787]","[0.0011242986656725407, 0.09163637459278107, 0.002101634396240115, 0.08863107115030289, 0.03366631641983986]"
39,1,9,9.5,9.533333333333333,"[0.2099716067314148, 0.19216704368591309, 0.21276327967643738, 0.19216704368591309, 0.19293105602264404]","[0.00692704739049077, 0.09163635224103928, 0.002101519610732794, 0.08863107115030289, 0.03366631641983986]"
40,1,10,9.5,9.533333333333333,"[0.20740580558776855, 0.1923948973417282, 0.21396750211715698, 0.1923948973417282, 0.19383686780929565]","[0.012463764287531376, 0.09163635224103928, 0.002101329853758216, 0.08863107115030289, 0.03366631641983986]"
41,1,11,9.0,9.533333333333333,"[0.21231915056705475, 0.1919664442539215, 0.2116464525461197, 0.1919664442539215, 0.19210152328014374]","[5.600806929351165e-08, 0.09163637459278107, 0.002101519610732794, 0.08863107115030289, 0.03366631641983986]"
42,1,12,10.0,9.533333333333333,"[0.20569917559623718, 0.19241109490394592, 0.2156979888677597, 0.19241109490394592, 0.19378060102462769]","[0.00493133720010519, 0.09163635224103928, 0.002101519610732794, 0.08863107115030289, 0.03366631641983986]"
43,1,13,8.5,9.533333333333333,"[0.211578369140625, 0.19205981492996216, 0.2118261307477951, 0.19205981492996216, 0.19247587025165558]","[0.0024478654377162457, 0.09163635224103928, 0.002101329853758216, 0.08863107115030289, 0.03366631641983986]"
44,1,14,10.0,9.533333333333333,"[0.20753176510334015, 0.19238470494747162, 0.21387355029582977, 0.19238470494747162, 0.19382525980472565]","[0.014132590033113956, 0.09163635224103928, 0.002101519610732794, 0.08863107115030289, 0.03366631641983986]"
45,1,15,10.5,9.533333333333333,"[0.20827044546604156, 0.19362717866897583, 0.20943118631839752, 0.19362717866897583, 0.19504407048225403]","[0.00824004877358675, 0.07275017350912094, 0.004764910787343979, 0.07104461640119553, 0.02507002465426922]"
46,1,16,10.0,9.533333333333333,"[0.20867817103862762, 0.19232699275016785, 0.21306122839450836, 0.19232699275016785, 0.1936066448688507]","[0.01343870535492897, 0.09163635224103928, 0.0021014136727899313, 0.08863107115030289, 0.03366631641983986]"
47,1,17,10.0,9.533333333333333,"[0.21170677244663239, 0.19200536608695984, 0.21201899647712708, 0.19200536608695984, 0.19226349890232086]","[0.00140273361466825, 0.09163635224103928, 0.002101329853758216, 0.08863107115030289, 0.03366631641983986]"
48,1,18,10.0,9.533333333333333,"[0.21109138429164886, 0.19210612773895264, 0.2120300978422165, 0.19210612773895264, 0.1926661878824234]","[0.003962310496717691, 0.09163635224103928, 0.002101338002830744, 0.08863107115030289, 0.03366631641983986]"
49,1,19,9.5,9.533333333333333,"[0.21177758276462555, 0.19202063977718353, 0.2118646502494812, 0.19202063977718353, 0.19231651723384857]","[0.0012726496206596494, 0.09163635224103928, 0.002101329853758216, 0.08863107115030289, 0.03366631641983986]"
50,1,20,9.5,9.533333333333333,"[0.21082980930805206, 0.19221670925617218, 0.2116474062204361, 0.19221670925617218, 0.19308936595916748]","[0.005566504783928394, 0.09163635224103928, 0.002101519610732794, 0.08863107115030289, 0.03366631641983986]"
51,1,21,8.5,9.533333333333333,"[0.21137063205242157, 0.1920328587293625, 0.21221426129341125, 0.1920328587293625, 0.1923493593931198]","[0.0005422453978098929, 0.09163637459278107, 0.002101519610732794, 0.08863107115030289, 0.03366631641983986]"
52,1,22,9.5,9.533333333333333,"[0.20849083364009857, 0.192286878824234, 0.2135535627603531, 0.192286878824234, 0.1933818906545639]","[0.0081531573086977, 0.09163635224103928, 0.002101329853758216, 0.08863107115030289, 0.03366631641983986]"
53,1,23,9.0,9.533333333333333,"[0.20948752760887146, 0.19235952198505402, 0.21210484206676483, 0.19235952198505402, 0.19368863105773926]","[0.011103801429271698, 0.09163635224103928, 0.002101403195410967, 0.08863107115030289, 0.03366631641983986]"
54,1,24,10.0,9.533333333333333,"[0.20769543945789337, 0.19235245883464813, 0.21396028995513916, 0.19235245883464813, 0.1936393529176712]","[0.009529771283268929, 0.09163635224103928, 0.002101329853758216, 0.08863107115030289, 0.03366631641983986]"
55,1,25,11.0,9.533333333333333,"[0.21097807586193085, 0.19208702445030212, 0.21224622428417206, 0.19208702445030212, 0.19260166585445404]","[0.0042525483295321465, 0.09163635224103928, 0.002101519610732794, 0.08863107115030289, 0.03366631641983986]"
56,1,26,9.5,9.533333333333333,"[0.2121274769306183, 0.19197401404380798, 0.21179471909999847, 0.19197401404380798, 0.19212982058525085]","[6.66696869302541e-05, 0.09163637459278107, 0.002101519610732794, 0.08863107115030289, 0.03366631641983986]"
57,1,27,9.0,9.533333333333333,"[0.21020129323005676, 0.1922610104084015, 0.21203239262104034, 0.1922610104084015, 0.19324427843093872]","[0.005249535199254751, 0.09163635224103928, 0.002101403195410967, 0.08863107115030289, 0.03366631641983986]"
58,1,28,9.0,9.533333333333333,"[0.19928500056266785, 0.19320663809776306, 0.21705608069896698, 0.19320663809776306, 0.19724562764167786]","[0.04517023637890816, 0.09163637459278107, 0.0021016066893935204, 0.08863107115030289, 0.03366631641983986]"
59,1,29,9.5,9.533333333333333,"[0.19281688332557678, 0.19281688332557678, 0.2219770848751068, 0.19281688332557678, 0.19957229495048523]","[0.06840168684720993, 0.09163637459278107, 0.0021016066893935204, 0.08863107115030289, 0.03366631641983986]"
60,2,0,12.0,12.533333333333333,"[0.21676529943943024, 0.18941137194633484, 0.21500064432621002, 0.18941137194633484, 0.18941137194633484]","[0.0018807456362992525, 0.12514732778072357, 0.003352711908519268, 0.12136837840080261, 0.04863749071955681]"
61,2,1,12.0,12.533333333333333,"[0.21676324307918549, 0.1893606185913086, 0.21515494585037231, 0.1893606185913086, 0.1893606185913086]","[0.0015447402838617563, 0.12514738738536835, 0.003352668834850192, 0.1213684156537056, 0.04863749071955681]"
62,2,2,12.0,12.533333333333333,"[0.2127026915550232, 0.1897306740283966, 0.2171012908220291, 0.1897306740283966, 0.19073458015918732]","[0.011867385357618332, 0.12514732778072357, 0.003352711908519268, 0.12136835604906082, 0.04863749071955681]"
63,2,3,13.0,12.533333333333333,"[0.21218468248844147, 0.18982818722724915, 0.21707142889499664, 0.18982818722724915, 0.1910874843597412]","[0.015655435621738434, 0.12514728307724, 0.0033527123741805553, 0.12136837840080261, 0.04863749071955681]"
64,2,4,12.0,12.533333333333333,"[0.20888087153434753, 0.1894207000732422, 0.22096939384937286, 0.1894207000732422, 0.19130834937095642]","[0.03147174045443535, 0.13670840859413147, 0.0028130970895290375, 0.13354165852069855, 0.05487712845206261]"
65,2,5,15.0,12.533333333333333,"[0.21093617379665375, 0.18999285995960236, 0.21756631135940552, 0.18999285995960236, 0.19151178002357483]","[0.022092150524258614, 0.12514734268188477, 0.003352711908519268, 0.12136837840080261, 0.04863749071955681]"
66,2,6,13.0,12.533333333333333,"[0.20622891187667847, 0.19030214846134186, 0.21994204819202423, 0.19030214846134186, 0.19322480261325836]","[0.03198783099651337, 0.12514735758304596, 0.003352717263624072, 0.1213684156537056, 0.04863749071955681]"
67,2,7,13.0,12.533333333333333,"[0.21598252654075623, 0.18952235579490662, 0.21537794172763824, 0.18952235579490662, 0.1895948052406311]","[0.004604669287800789, 0.12514728307724, 0.0033527123741805553, 0.12136837840080261, 0.04863749071955681]"
68,2,8,13.0,12.533333333333333,"[0.21524576842784882, 0.18959005177021027, 0.2156805843114853, 0.18959005177021027, 0.18989355862140656]","[0.006541909649968147, 0.12514735758304596, 0.003352717263624072, 0.12136843800544739, 0.04863749071955681]"
69,2,9,13.0,12.533333333333333,"[0.21696309745311737, 0.18936648964881897, 0.21493744850158691, 0.18936648964881897, 0.18936648964881897]","[0.00025020629982464015, 0.12514728307724, 0.0033527123741805553, 0.12136837840080261, 0.04863749071955681]"
70,2,10,13.0,12.533333333333333,"[0.1947692334651947, 0.1906307488679886, 0.22709329426288605, 0.1906307488679886, 0.1968759298324585]","[0.07785739004611969, 0.13670840859413147, 0.0028128777630627155, 0.13354156911373138, 0.05487712845206261]"
71,2,11,14.0,12.533333333333333,"[0.21462248265743256, 0.18947051465511322, 0.21614959836006165, 0.18947051465511322, 0.19028687477111816]","[0.002097184071317315, 0.12514728307724, 0.003352711908519268, 0.1213683933019638, 0.04863749071955681]"
72,2,12,13.0,12.533333333333333,"[0.21489031612873077, 0.18954989314079285, 0.21592125296592712, 0.18954989314079285, 0.19008857011795044]","[0.005267360247671604, 0.12514744699001312, 0.0033526713959872723, 0.1213683933019638, 0.04863749071955681]"
73,2,13,11.0,12.533333333333333,"[0.2157428115606308, 0.18950003385543823, 0.21553292870521545, 0.18950003385543823, 0.18972425162792206]","[0.0038182679563760757, 0.12514732778072357, 0.003352711908519268, 0.12136831134557724, 0.04863749071955681]"
74,2,14,12.0,12.533333333333333,"[0.21644799411296844, 0.18938718736171722, 0.21539051830768585, 0.18938718736171722, 0.18938718736171722]","[0.0010227342136204243, 0.12514743208885193, 0.003352668834850192, 0.12136837840080261, 0.04863749071955681]"
75,2,15,12.0,12.533333333333333,"[0.21668437123298645, 0.18935133516788483, 0.2152615785598755, 0.18935133516788483, 0.18935133516788483]","[0.0008874964551068842, 0.12514743208885193, 0.003352668834850192, 0.1213683933019638, 0.04863749071955681]"
76,2,16,11.0,12.533333333333333,"[0.2138851433992386, 0.1895827054977417, 0.21662604808807373, 0.1895827054977417, 0.19032341241836548]","[0.0071883066557347775, 0.12514710426330566, 0.003352142171934247, 0.12136843800544739, 0.04863749071955681]"
77,2,17,10.0,12.533333333333333,"[0.20932886004447937, 0.18933892250061035, 0.2207840383052826, 0.18933892250061035, 0.19120919704437256]","[0.02779252827167511, 0.13670840859413147, 0.0028130970895290375, 0.13354167342185974, 0.05487712845206261]"
78,2,18,12.0,12.533333333333333,"[0.188916876912117, 0.188916876912117, 0.23219230771064758, 0.188916876912117, 0.20105718076229095]","[0.16241000592708588, 0.13670842349529266, 0.0028131979051977396, 0.1335415244102478, 0.05487712845206261]"
79,2,19,13.0,12.533333333333333,"[0.21692624688148499, 0.1893271505832672, 0.21509231626987457, 0.1893271505832672, 0.1893271505832672]","[0.0003107332158833742, 0.12514743208885193, 0.003352668834850192, 0.12136835604906082, 0.04863749071955681]"
80,2,20,10.0,12.533333333333333,"[0.21039682626724243, 0.1899140477180481, 0.21794159710407257, 0.1899140477180481, 0.19183357059955597]","[0.018468216061592102, 0.12514732778072357, 0.003352711908519268, 0.1213683933019638, 0.04863749071955681]"
81,2,21,13.0,12.533333333333333,"[0.2119518220424652, 0.18962380290031433, 0.2175949215888977, 0.18962380290031433, 0.1912057101726532]","[0.004918106831610203, 0.12514708936214447, 0.003352142171934247, 0.12136847525835037, 0.04863749071955681]"
82,2,22,12.0,12.533333333333333,"[0.21702277660369873, 0.18931563198566437, 0.21503031253814697, 0.18931563198566437, 0.18931563198566437]","[3.589507832657546e-05, 0.12514743208885193, 0.003352668834850192, 0.12136833369731903, 0.04863749071955681]"
83,2,23,12.0,12.533333333333333,"[0.20790734887123108, 0.18999816477298737, 0.21970494091510773, 0.18999816477298737, 0.19239139556884766]","[0.024879509583115578, 0.1251475065946579, 0.003352670930325985, 0.12136837840080261, 0.04863749071955681]"
84,2,24,11.0,12.533333333333333,"[0.21192996203899384, 0.18963824212551117, 0.21792444586753845, 0.18963824212551117, 0.19086907804012299]","[0.01085149310529232, 0.12514740228652954, 0.003352666739374399, 0.1213683933019638, 0.04863749071955681]"
85,2,25,13.0,12.533333333333333,"[0.21242250502109528, 0.18953661620616913, 0.21795721352100372, 0.18953661620616913, 0.19054703414440155]","[0.009255734272301197, 0.12514744699001312, 0.003352668834850192, 0.12136837840080261, 0.04863749071955681]"
86,2,26,15.0,12.533333333333333,"[0.21400701999664307, 0.18964198231697083, 0.21647846698760986, 0.18964198231697083, 0.19023051857948303]","[0.009263924323022366, 0.12514746189117432, 0.0033527310006320477, 0.1213683933019638, 0.04863749071955681]"
87,2,27,13.0,12.533333333333333,"[0.21631954610347748, 0.18942588567733765, 0.2153007835149765, 0.18942588567733765, 0.18952782452106476]","[0.0011755845043808222, 0.1251472532749176, 0.003352711908519268, 0.12136837840080261, 0.04863749071955681]"
88,2,28,14.0,12.533333333333333,"[0.21450351178646088, 0.18964485824108124, 0.21604180335998535, 0.18964485824108124, 0.1901649534702301]","[0.009265908971428871, 0.12514743208885193, 0.003352668834850192, 0.12136837840080261, 0.04863749071955681]"
89,2,29,14.0,12.533333333333333,"[0.21558217704296112, 0.18947337567806244, 0.21580535173416138, 0.18947337567806244, 0.18966571986675262]","[0.003314069239422679, 0.12514743208885193, 0.003352668834850192, 0.12136833369731903, 0.04863749071955681]"
90,3,0,7.5,8.25,"[0.22005455195903778, 0.1856175810098648, 0.22309276461601257, 0.1856175810098648, 0.1856175810098648]","[0.007070836611092091, 0.16650164127349854, 0.0024155350401997566, 0.16730135679244995, 0.06767436116933823]"
91,3,1,8.5,8.25,"[0.18735091388225555, 0.18735091388225555, 0.24100756645202637, 0.18735091388225555, 0.19693969190120697]","[0.1516871154308319, 0.16650168597698212, 0.002415832132101059, 0.1673203557729721, 0.06767436116933823]"
92,3,2,8.0,8.25,"[0.2208690643310547, 0.18622863292694092, 0.22044509649276733, 0.18622863292694092, 0.18622863292694092]","[0.00010179654054809362, 0.15501773357391357, 0.0026183195877820253, 0.15108273923397064, 0.06129347160458565]"
93,3,3,8.5,8.25,"[0.18668872117996216, 0.18668872117996216, 0.24190793931484222, 0.18668872117996216, 0.1980259269475937]","[0.18022088706493378, 0.16650156676769257, 0.002415832132101059, 0.16731686890125275, 0.06767436116933823]"
94,3,4,7.5,8.25,"[0.20599086582660675, 0.18731608986854553, 0.23040878772735596, 0.18731608986854553, 0.18896816670894623]","[0.04908422380685806, 0.16650153696537018, 0.0024157387670129538, 0.16730494797229767, 0.06767436116933823]"
95,3,5,7.5,8.25,"[0.21510326862335205, 0.18690773844718933, 0.22417345643043518, 0.18690773844718933, 0.18690773844718933]","[0.012771204113960266, 0.15501739084720612, 0.0026182937435805798, 0.15109005570411682, 0.06129347160458565]"
96,3,6,9.0,8.25,"[0.21255424618721008, 0.18744529783725739, 0.22510986030101776, 0.18744529783725739, 0.18744529783725739]","[0.024020593613386154, 0.15501755475997925, 0.002618334488943219, 0.15106967091560364, 0.06129347160458565]"
97,3,7,7.5,8.25,"[0.21113371849060059, 0.18690820038318634, 0.22802966833114624, 0.18690820038318634, 0.1870202273130417]","[0.031214863061904907, 0.16650153696537018, 0.0024157387670129538, 0.16733258962631226, 0.06767436116933823]"
98,3,8,8.5,8.25,"[0.21063703298568726, 0.18693456053733826, 0.22839730978012085, 0.18693456053733826, 0.18709656596183777]","[0.030555251985788345, 0.16650159657001495, 0.0024157387670129538, 0.16730955243110657, 0.06767436116933823]"
99,3,9,8.5,8.25,"[0.22000336647033691, 0.18599721789360046, 0.22200505435466766, 0.18599721789360046, 0.18599721789360046]","[0.0068115489557385445, 0.16140514612197876, 0.004186763893812895, 0.16181904077529907, 0.06525944918394089]"
100,3,10,7.5,8.25,"[0.2234295904636383, 0.18523263931274414, 0.22087249159812927, 0.18523263931274414, 0.18523263931274414]","[1.2752705515595153e-05, 0.1665017455816269, 0.0024155564606189728, 0.1673186719417572, 0.06767436116933823]"
101,3,11,7.5,8.25,"[0.2203361839056015, 0.18578557670116425, 0.222307026386261, 0.18578557670116425, 0.18578557670116425]","[0.0006260005757212639, 0.16140516102313995, 0.004186763893812895, 0.1618184596300125, 0.06525944918394089]"
102,3,12,7.0,8.25,"[0.21949830651283264, 0.1858474463224411, 0.22295936942100525, 0.1858474463224411, 0.1858474463224411]","[0.014455931261181831, 0.16650152206420898, 0.0024156069848686457, 0.16730250418186188, 0.06767436116933823]"
103,3,13,8.5,8.25,"[0.20970463752746582, 0.18793979287147522, 0.22547248005867004, 0.18793979287147522, 0.1889432966709137]","[0.03829370439052582, 0.15501712262630463, 0.0026186842005699873, 0.15108732879161835, 0.06129347160458565]"
104,3,14,8.5,8.25,"[0.18589693307876587, 0.18589693307876587, 0.24317729473114014, 0.18589693307876587, 0.1991320252418518]","[0.20870640873908997, 0.16650156676769257, 0.002415832132101059, 0.1673186719417572, 0.06767436116933823]"
105,3,15,8.5,8.25,"[0.2151036262512207, 0.1866137683391571, 0.22505497932434082, 0.1866137683391571, 0.1866137683391571]","[0.019648674875497818, 0.16140516102313995, 0.004186763893812895, 0.16181936860084534, 0.06525944918394089]"
106,3,16,9.0,8.25,"[0.21984106302261353, 0.18639959394931793, 0.22096019983291626, 0.18639959394931793, 0.18639959394931793]","[0.0033131360542029142, 0.1550176739692688, 0.002618334488943219, 0.15107068419456482, 0.06129347160458565]"
107,3,17,8.5,8.25,"[0.21006378531455994, 0.18776239454746246, 0.22627080976963043, 0.18776239454746246, 0.18814058601856232]","[0.03180732950568199, 0.15501756966114044, 0.002617815975099802, 0.15109218657016754, 0.06129347160458565]"
108,3,18,7.5,8.25,"[0.21526047587394714, 0.18683911859989166, 0.22422219812870026, 0.18683911859989166, 0.18683911859989166]","[0.006401809398084879, 0.15501739084720612, 0.0026182937435805798, 0.15108232200145721, 0.06129347160458565]"
109,3,19,7.5,8.25,"[0.21898263692855835, 0.18624725937843323, 0.22227564454078674, 0.18624725937843323, 0.18624725937843323]","[0.00678769126534462, 0.16140516102313995, 0.004186763893812895, 0.16181878745555878, 0.06525944918394089]"
110,3,20,7.5,8.25,"[0.20695213973522186, 0.1875300258398056, 0.22915400564670563, 0.1875300258398056, 0.18883374333381653]","[0.04160537198185921, 0.16140519082546234, 0.004186739679425955, 0.16182047128677368, 0.06525944918394089]"
111,3,21,8.5,8.25,"[0.21086126565933228, 0.18681928515434265, 0.22868086397647858, 0.18681928515434265, 0.18681928515434265]","[0.02538636513054371, 0.16650153696537018, 0.0024157387670129538, 0.16730698943138123, 0.06767436116933823]"
112,3,22,9.5,8.25,"[0.21916773915290833, 0.1860668957233429, 0.22263164818286896, 0.1860668957233429, 0.1860668957233429]","[0.008053584955632687, 0.16140516102313995, 0.004186763893812895, 0.16181644797325134, 0.06525944918394089]"
113,3,23,8.0,8.25,"[0.2205173224210739, 0.18551397323608398, 0.22294069826602936, 0.18551397323608398, 0.18551397323608398]","[0.005216171499341726, 0.1665014773607254, 0.0024155271239578724, 0.1673067808151245, 0.06767436116933823]"
114,3,24,8.5,8.25,"[0.21240712702274323, 0.1873037964105606, 0.22568152844905853, 0.1873037964105606, 0.1873037964105606]","[0.020442422479391098, 0.15501731634140015, 0.002618281403556466, 0.1510879099369049, 0.06129347160458565]"
115,3,25,8.5,8.25,"[0.21339556574821472, 0.1864381581544876, 0.22728987038135529, 0.1864381581544876, 0.1864381581544876]","[0.017647434026002884, 0.16650153696537018, 0.0024157387670129538, 0.16733020544052124, 0.06767436116933823]"
116,3,26,9.0,8.25,"[0.21693359315395355, 0.1857331097126007, 0.2258671075105667, 0.1857331097126007, 0.1857331097126007]","[0.0004151144530624151, 0.16650161147117615, 0.0024155350401997566, 0.16730497777462006, 0.06767436116933823]"
117,3,27,8.0,8.25,"[0.20363342761993408, 0.18840569257736206, 0.22857774794101715, 0.18840569257736206, 0.19097742438316345]","[0.05236872285604477, 0.1550174057483673, 0.002619186183437705, 0.1510794460773468, 0.06129347160458565]"
118,3,28,8.5,8.25,"[0.2196258306503296, 0.18662415444850922, 0.22050176560878754, 0.18662415444850922, 0.18662415444850922]","[0.005008278414607048, 0.15501771867275238, 0.0026183195877820253, 0.1510820835828781, 0.06129347160458565]"
119,3,29,10.5,8.25,"[0.2186010181903839, 0.18631517887115479, 0.22245341539382935, 0.18631517887115479, 0.18631517887115479]","[0.002400678349658847, 0.16140522062778473, 0.0041865576058626175, 0.16182562708854675, 0.06525944918394089]"
120,4,0,10.5,10.433333333333334,"[0.2212565839290619, 0.18374237418174744, 0.2266283631324768, 0.18374237418174744, 0.18463027477264404]","[0.002874418394640088, 0.21101322770118713, 0.002815176034346223, 0.18451903760433197, 0.06479248404502869]"
121,4,1,9.5,10.433333333333334,"[0.22299666702747345, 0.18253858387470245, 0.2289714813232422, 0.18253858387470245, 0.18295466899871826]","[0.010027417913079262, 0.22386763989925385, 0.002337515586987138, 0.2085571438074112, 0.07231681793928146]"
122,4,2,10.5,10.433333333333334,"[0.22141942381858826, 0.1825971156358719, 0.23005981743335724, 0.1825971156358719, 0.1833266019821167]","[0.014043491333723068, 0.22386763989925385, 0.0023373041767627, 0.2085571438074112, 0.07231681793928146]"
123,4,3,9.0,10.433333333333334,"[0.22618326544761658, 0.18217036128044128, 0.22730571031570435, 0.18217036128044128, 0.18217036128044128]","[0.0016020146431401372, 0.22386763989925385, 0.0023373153526335955, 0.2085571438074112, 0.07231681793928146]"
124,4,4,11.0,10.433333333333334,"[0.2057591676712036, 0.1848406046628952, 0.23434989154338837, 0.1848406046628952, 0.19020973145961761]","[0.04557434469461441, 0.21101322770118713, 0.0028151823207736015, 0.18451903760433197, 0.06479248404502869]"
125,4,5,9.0,10.433333333333334,"[0.22618326544761658, 0.18217036128044128, 0.22730571031570435, 0.18217036128044128, 0.18217036128044128]","[0.0016020146431401372, 0.22386763989925385, 0.0023373153526335955, 0.2085571438074112, 0.07231681793928146]"
126,4,6,11.0,10.433333333333334,"[0.22676150500774384, 0.18209412693977356, 0.22695621848106384, 0.18209412693977356, 0.18209412693977356]","[0.0002526437456253916, 0.22386763989925385, 0.0023373074363917112, 0.2085571438074112, 0.07231681793928146]"
127,4,7,10.5,10.433333333333334,"[0.2212565839290619, 0.18374237418174744, 0.2266283631324768, 0.18374237418174744, 0.18463027477264404]","[0.002874418394640088, 0.21101322770118713, 0.002815176034346223, 0.18451903760433197, 0.06479248404502869]"
128,4,8,11.5,10.433333333333334,"[0.20623081922531128, 0.18476036190986633, 0.2339003086090088, 0.18476036190986633, 0.19034817814826965]","[0.05878671258687973, 0.21101322770118713, 0.0028151804581284523, 0.18451903760433197, 0.06479248404502869]"
129,4,9,10.5,10.433333333333334,"[0.20221243798732758, 0.18410992622375488, 0.23862561583518982, 0.18410992622375488, 0.19094207882881165]","[0.06741338223218918, 0.22386763989925385, 0.002337515586987138, 0.2085571438074112, 0.07231681793928146]"
130,4,10,9.0,10.433333333333334,"[0.22618326544761658, 0.18217036128044128, 0.22730571031570435, 0.18217036128044128, 0.18217036128044128]","[0.0016020146431401372, 0.22386763989925385, 0.0023373153526335955, 0.2085571438074112, 0.07231681793928146]"
131,4,11,11.0,10.433333333333334,"[0.2057591676712036, 0.1848406046628952, 0.23434989154338837, 0.1848406046628952, 0.19020973145961761]","[0.04557434469461441, 0.21101322770118713, 0.0028151823207736015, 0.18451903760433197, 0.06479248404502869]"
132,4,12,11.0,10.433333333333334,"[0.22676150500774384, 0.18209412693977356, 0.22695621848106384, 0.18209412693977356, 0.18209412693977356]","[0.0002526437456253916, 0.22386763989925385, 0.0023373074363917112, 0.2085571438074112, 0.07231681793928146]"
133,4,13,11.0,10.433333333333334,"[0.20448097586631775, 0.18380863964557648, 0.2384219914674759, 0.18380863964557648, 0.1894797831773758]","[0.05798442289233208, 0.22386763989925385, 0.0023373074363917112, 0.2085571438074112, 0.07231681793928146]"
134,4,14,10.5,10.433333333333334,"[0.2069498896598816, 0.1838197559118271, 0.2357988804578781, 0.1838197559118271, 0.18961170315742493]","[0.060533005744218826, 0.22386763989925385, 0.002337607555091381, 0.2085571438074112, 0.07231681793928146]"
135,4,15,10.5,10.433333333333334,"[0.2069498896598816, 0.1838197559118271, 0.2357988804578781, 0.1838197559118271, 0.18961170315742493]","[0.060533005744218826, 0.22386763989925385, 0.002337607555091381, 0.2085571438074112, 0.07231681793928146]"
136,4,16,11.0,10.433333333333334,"[0.2057591676712036, 0.1848406046628952, 0.23434989154338837, 0.1848406046628952, 0.19020973145961761]","[0.04557434469461441, 0.21101322770118713, 0.0028151823207736015, 0.18451903760433197, 0.06479248404502869]"
137,4,17,11.0,10.433333333333334,"[0.21342869102954865, 0.1831486076116562, 0.2342604398727417, 0.1831486076116562, 0.18601365387439728]","[0.030628278851509094, 0.22386763989925385, 0.002337515586987138, 0.2085571438074112, 0.07231681793928146]"
138,4,18,10.5,10.433333333333334,"[0.22141942381858826, 0.1825971156358719, 0.23005981743335724, 0.1825971156358719, 0.1833266019821167]","[0.014043491333723068, 0.22386763989925385, 0.0023373041767627, 0.2085571438074112, 0.07231681793928146]"
139,4,19,9.5,10.433333333333334,"[0.19947342574596405, 0.18434487283229828, 0.23946073651313782, 0.18434487283229828, 0.1923760175704956]","[0.08344307541847229, 0.22386763989925385, 0.002337607555091381, 0.2085571438074112, 0.07231681793928146]"
140,4,20,10.5,10.433333333333334,"[0.22141942381858826, 0.1825971156358719, 0.23005981743335724, 0.1825971156358719, 0.1833266019821167]","[0.014043491333723068, 0.22386763989925385, 0.0023373041767627, 0.2085571438074112, 0.07231681793928146]"
141,4,21,11.5,10.433333333333334,"[0.20623081922531128, 0.18476036190986633, 0.2339003086090088, 0.18476036190986633, 0.19034817814826965]","[0.05878671258687973, 0.21101322770118713, 0.0028151804581284523, 0.18451903760433197, 0.06479248404502869]"
142,4,22,10.5,10.433333333333334,"[0.2069498896598816, 0.1838197559118271, 0.2357988804578781, 0.1838197559118271, 0.18961170315742493]","[0.060533005744218826, 0.22386763989925385, 0.002337607555091381, 0.2085571438074112, 0.07231681793928146]"
143,4,23,11.5,10.433333333333334,"[0.20623081922531128, 0.18476036190986633, 0.2339003086090088, 0.18476036190986633, 0.19034817814826965]","[0.05878671258687973, 0.21101322770118713, 0.0028151804581284523, 0.18451903760433197, 0.06479248404502869]"
144,4,24,10.5,10.433333333333334,"[0.2069498896598816, 0.1838197559118271, 0.2357988804578781, 0.1838197559118271, 0.18961170315742493]","[0.060533005744218826, 0.22386763989925385, 0.002337607555091381, 0.2085571438074112, 0.07231681793928146]"
145,4,25,9.5,10.433333333333334,"[0.22299666702747345, 0.18253858387470245, 0.2289714813232422, 0.18253858387470245, 0.18295466899871826]","[0.010027417913079262, 0.22386763989925385, 0.002337515586987138, 0.2085571438074112, 0.07231681793928146]"
146,4,26,10.5,10.433333333333334,"[0.2136232852935791, 0.1829405277967453, 0.23510362207889557, 0.1829405277967453, 0.1853921115398407]","[0.008527962490916252, 0.22386763989925385, 0.002337515586987138, 0.2085571438074112, 0.07231681793928146]"
147,4,27,11.0,10.433333333333334,"[0.22676150500774384, 0.18209412693977356, 0.22695621848106384, 0.18209412693977356, 0.18209412693977356]","[0.0002526437456253916, 0.22386763989925385, 0.0023373074363917112, 0.2085571438074112, 0.07231681793928146]"
148,4,28,9.0,10.433333333333334,"[0.22618326544761658, 0.18217036128044128, 0.22730571031570435, 0.18217036128044128, 0.18217036128044128]","[0.0016020146431401372, 0.22386763989925385, 0.0023373153526335955, 0.2085571438074112, 0.07231681793928146]"
149,4,29,10.5,10.433333333333334,"[0.2069498896598816, 0.1838197559118271, 0.2357988804578781, 0.1838197559118271, 0.18961170315742493]","[0.060533005744218826, 0.22386763989925385, 0.002337607555091381, 0.2085571438074112, 0.07231681793928146]"
